County,Year,Cohort,N_recent_movers_weighted,Pct_born_in_Texas_overall,Pct_hispanic_among_movers,N_hispanic_movers_weighted,N_nonhispanic_movers_weighted,Pct_born_in_Texas_among_hispanic,Pct_born_in_Texas_among_nonhispanic
Bexar (San Antonio),2012,18-24 (College / Entry),61665,60.0,100.0,61665,0,60.0,
Bexar (San Antonio),2013,18-24 (College / Entry),66544,54.6,100.0,66544,0,54.6,
Bexar (San Antonio),2014,18-24 (College / Entry),62926,64.2,100.0,62926,0,64.2,
Bexar (San Antonio),2015,18-24 (College / Entry),61304,56.9,100.0,61304,0,56.9,
Bexar (San Antonio),2016,18-24 (College / Entry),55185,60.6,100.0,55185,0,60.6,
Bexar (San Antonio),2017,18-24 (College / Entry),54406,60.8,100.0,54406,0,60.8,
Bexar (San Antonio),2018,18-24 (College / Entry),49892,62.5,100.0,49892,0,62.5,
Bexar (San Antonio),2019,18-24 (College / Entry),64170,60.6,100.0,64170,0,60.6,
Bexar (San Antonio),2021,18-24 (College / Entry),56310,56.4,53.8,30306,26004,78.7,30.5
Bexar (San Antonio),2022,18-24 (College / Entry),67067,59.8,59.4,39808,27259,72.8,40.9
Bexar (San Antonio),2023,18-24 (College / Entry),64453,64.0,59.1,38098,26355,74.6,48.5
Bexar (San Antonio),2012,25-30 (Young Adults),49034,51.8,100.0,49034,0,51.8,
Bexar (San Antonio),2013,25-30 (Young Adults),50683,57.8,100.0,50683,0,57.8,
Bexar (San Antonio),2014,25-30 (Young Adults),52625,59.0,100.0,52625,0,59.0,
Bexar (San Antonio),2015,25-30 (Young Adults),55696,47.8,100.0,55696,0,47.8,
Bexar (San Antonio),2016,25-30 (Young Adults),49083,55.7,100.0,49083,0,55.7,
Bexar (San Antonio),2017,25-30 (Young Adults),50386,46.0,100.0,50386,0,46.0,
Bexar (San Antonio),2018,25-30 (Young Adults),59912,54.9,100.0,59912,0,54.9,
Bexar (San Antonio),2019,25-30 (Young Adults),57894,53.3,100.0,57894,0,53.3,
Bexar (San Antonio),2021,25-30 (Young Adults),57278,56.3,60.5,34637,22641,65.7,42.1
Bexar (San Antonio),2022,25-30 (Young Adults),55501,58.3,57.5,31932,23569,71.4,40.5
Bexar (San Antonio),2023,25-30 (Young Adults),57728,55.7,54.2,31260,26468,65.1,44.6
Bexar (San Antonio),2012,31-40 (Established Career),56920,46.6,100.0,56920,0,46.6,
Bexar (San Antonio),2013,31-40 (Established Career),54009,53.2,100.0,54009,0,53.2,
Bexar (San Antonio),2014,31-40 (Established Career),55828,58.0,100.0,55828,0,58.0,
Bexar (San Antonio),2015,31-40 (Established Career),62438,57.5,100.0,62438,0,57.5,
Bexar (San Antonio),2016,31-40 (Established Career),50319,50.0,100.0,50319,0,50.0,
Bexar (San Antonio),2017,31-40 (Established Career),51356,50.2,100.0,51356,0,50.2,
Bexar (San Antonio),2018,31-40 (Established Career),50975,43.5,100.0,50975,0,43.5,
Bexar (San Antonio),2019,31-40 (Established Career),50717,49.1,100.0,50717,0,49.1,
Bexar (San Antonio),2021,31-40 (Established Career),55782,46.7,53.1,29596,26186,59.2,32.6
Bexar (San Antonio),2022,31-40 (Established Career),63949,48.0,57.3,36613,27336,61.5,29.8
Bexar (San Antonio),2023,31-40 (Established Career),64831,49.8,54.9,35572,29259,58.3,39.4
Bexar (San Antonio),2012,41-50 (Family / Peak Career),34143,42.3,100.0,34143,0,42.3,
Bexar (San Antonio),2013,41-50 (Family / Peak Career),35085,44.7,100.0,35085,0,44.7,
Bexar (San Antonio),2014,41-50 (Family / Peak Career),34009,48.2,100.0,34009,0,48.2,
Bexar (San Antonio),2015,41-50 (Family / Peak Career),35605,46.8,100.0,35605,0,46.8,
Bexar (San Antonio),2016,41-50 (Family / Peak Career),27105,47.5,100.0,27105,0,47.5,
Bexar (San Antonio),2017,41-50 (Family / Peak Career),32030,45.8,100.0,32030,0,45.8,
Bexar (San Antonio),2018,41-50 (Family / Peak Career),33246,39.9,100.0,33246,0,39.9,
Bexar (San Antonio),2019,41-50 (Family / Peak Career),35665,44.1,100.0,35665,0,44.1,
Bexar (San Antonio),2021,41-50 (Family / Peak Career),31046,49.1,53.4,16572,14474,64.3,31.6
Bexar (San Antonio),2022,41-50 (Family / Peak Career),32633,39.6,56.1,18291,14342,40.8,38.0
Bexar (San Antonio),2023,41-50 (Family / Peak Career),35541,44.8,60.0,21320,14221,46.8,41.9
Bexar (San Antonio),2012,51-64 (Pre-Retirement),26327,50.4,100.0,26327,0,50.4,
Bexar (San Antonio),2013,51-64 (Pre-Retirement),27912,49.8,100.0,27912,0,49.8,
Bexar (San Antonio),2014,51-64 (Pre-Retirement),30186,49.4,100.0,30186,0,49.4,
Bexar (San Antonio),2015,51-64 (Pre-Retirement),37593,48.3,100.0,37593,0,48.3,
Bexar (San Antonio),2016,51-64 (Pre-Retirement),29674,47.6,100.0,29674,0,47.6,
Bexar (San Antonio),2017,51-64 (Pre-Retirement),30943,49.7,100.0,30943,0,49.7,
Bexar (San Antonio),2018,51-64 (Pre-Retirement),29478,49.8,100.0,29478,0,49.8,
Bexar (San Antonio),2019,51-64 (Pre-Retirement),31293,49.7,100.0,31293,0,49.7,
Bexar (San Antonio),2021,51-64 (Pre-Retirement),23678,59.5,43.7,10342,13336,73.7,48.5
Bexar (San Antonio),2022,51-64 (Pre-Retirement),27193,45.3,54.2,14739,12454,55.2,33.5
Bexar (San Antonio),2023,51-64 (Pre-Retirement),33842,44.5,52.7,17836,16006,50.3,38.0
Bexar (San Antonio),2012,65+ (Retirement),11683,49.2,100.0,11683,0,49.2,
Bexar (San Antonio),2013,65+ (Retirement),17481,51.1,100.0,17481,0,51.1,
Bexar (San Antonio),2014,65+ (Retirement),16138,53.7,100.0,16138,0,53.7,
Bexar (San Antonio),2015,65+ (Retirement),12164,48.9,100.0,12164,0,48.9,
Bexar (San Antonio),2016,65+ (Retirement),16815,45.5,100.0,16815,0,45.5,
Bexar (San Antonio),2017,65+ (Retirement),14863,50.5,100.0,14863,0,50.5,
Bexar (San Antonio),2018,65+ (Retirement),14947,48.8,100.0,14947,0,48.8,
Bexar (San Antonio),2019,65+ (Retirement),17664,48.8,100.0,17664,0,48.8,
Bexar (San Antonio),2021,65+ (Retirement),15690,51.5,36.1,5670,10020,64.1,44.4
Bexar (San Antonio),2022,65+ (Retirement),18593,52.4,34.7,6452,12141,67.2,44.5
Bexar (San Antonio),2023,65+ (Retirement),19915,35.4,41.7,8295,11620,51.5,24.0
Dallas,2012,18-24 (College / Entry),64144,54.3,100.0,64144,0,54.3,
Dallas,2013,18-24 (College / Entry),71592,52.8,100.0,71592,0,52.8,
Dallas,2014,18-24 (College / Entry),67524,52.6,100.0,67524,0,52.6,
Dallas,2015,18-24 (College / Entry),61732,52.2,100.0,61732,0,52.2,
Dallas,2016,18-24 (College / Entry),58812,52.6,100.0,58812,0,52.6,
Dallas,2017,18-24 (College / Entry),57796,49.3,100.0,57796,0,49.3,
Dallas,2018,18-24 (College / Entry),55982,50.6,100.0,55982,0,50.6,
Dallas,2019,18-24 (College / Entry),53521,52.6,100.0,53521,0,52.6,
Dallas,2021,18-24 (College / Entry),53980,49.9,36.6,19744,34236,53.7,47.7
Dallas,2022,18-24 (College / Entry),64699,48.4,35.7,23079,41620,59.0,42.6
Dallas,2023,18-24 (College / Entry),59356,50.1,40.3,23905,35451,50.4,49.9
Dallas,2012,25-30 (Young Adults),70616,44.8,100.0,70616,0,44.8,
Dallas,2013,25-30 (Young Adults),73537,48.3,100.0,73537,0,48.3,
Dallas,2014,25-30 (Young Adults),80470,44.1,100.0,80470,0,44.1,
Dallas,2015,25-30 (Young Adults),73648,42.6,100.0,73648,0,42.6,
Dallas,2016,25-30 (Young Adults),78459,43.4,100.0,78459,0,43.4,
Dallas,2017,25-30 (Young Adults),76809,44.4,100.0,76809,0,44.4,
Dallas,2018,25-30 (Young Adults),77966,46.1,100.0,77966,0,46.1,
Dallas,2019,25-30 (Young Adults),78108,44.4,100.0,78108,0,44.4,
Dallas,2021,25-30 (Young Adults),68324,41.5,32.6,22286,46038,42.1,41.2
Dallas,2022,25-30 (Young Adults),73701,43.1,30.4,22379,51322,36.7,45.8
Dallas,2023,25-30 (Young Adults),72567,40.6,34.1,24723,47844,35.5,43.2
Dallas,2012,31-40 (Established Career),65359,41.9,100.0,65359,0,41.9,
Dallas,2013,31-40 (Established Career),74827,36.8,100.0,74827,0,36.8,
Dallas,2014,31-40 (Established Career),78840,39.0,100.0,78840,0,39.0,
Dallas,2015,31-40 (Established Career),72736,38.7,100.0,72736,0,38.7,
Dallas,2016,31-40 (Established Career),74898,35.1,100.0,74898,0,35.1,
Dallas,2017,31-40 (Established Career),71163,33.6,100.0,71163,0,33.6,
Dallas,2018,31-40 (Established Career),67084,37.1,100.0,67084,0,37.1,
Dallas,2019,31-40 (Established Career),71456,37.1,100.0,71456,0,37.1,
Dallas,2021,31-40 (Established Career),66009,34.6,28.6,18873,47136,28.5,37.1
Dallas,2022,31-40 (Established Career),75258,40.3,34.9,26293,48965,30.5,45.6
Dallas,2023,31-40 (Established Career),75071,32.9,34.5,25897,49174,26.0,36.6
Dallas,2012,41-50 (Family / Peak Career),47762,41.4,100.0,47762,0,41.4,
Dallas,2013,41-50 (Family / Peak Career),46565,39.0,100.0,46565,0,39.0,
Dallas,2014,41-50 (Family / Peak Career),52414,33.3,100.0,52414,0,33.3,
Dallas,2015,41-50 (Family / Peak Career),42796,39.4,100.0,42796,0,39.4,
Dallas,2016,41-50 (Family / Peak Career),40490,34.4,100.0,40490,0,34.4,
Dallas,2017,41-50 (Family / Peak Career),42214,35.9,100.0,42214,0,35.9,
Dallas,2018,41-50 (Family / Peak Career),42512,33.4,100.0,42512,0,33.4,
Dallas,2019,41-50 (Family / Peak Career),42759,40.0,100.0,42759,0,40.0,
Dallas,2021,41-50 (Family / Peak Career),36732,41.1,31.0,11396,25336,29.4,46.3
Dallas,2022,41-50 (Family / Peak Career),35078,28.9,31.9,11204,23874,12.6,36.6
Dallas,2023,41-50 (Family / Peak Career),34214,24.9,40.1,13703,20511,15.0,31.5
Dallas,2012,51-64 (Pre-Retirement),36039,44.4,100.0,36039,0,44.4,
Dallas,2013,51-64 (Pre-Retirement),42659,42.0,100.0,42659,0,42.0,
Dallas,2014,51-64 (Pre-Retirement),40268,39.2,100.0,40268,0,39.2,
Dallas,2015,51-64 (Pre-Retirement),35271,38.3,100.0,35271,0,38.3,
Dallas,2016,51-64 (Pre-Retirement),38275,38.5,100.0,38275,0,38.5,
Dallas,2017,51-64 (Pre-Retirement),39980,39.0,100.0,39980,0,39.0,
Dallas,2018,51-64 (Pre-Retirement),36257,34.6,100.0,36257,0,34.6,
Dallas,2019,51-64 (Pre-Retirement),37977,47.4,100.0,37977,0,47.4,
Dallas,2021,51-64 (Pre-Retirement),31880,34.8,31.0,9879,22001,25.9,38.8
Dallas,2022,51-64 (Pre-Retirement),30106,39.1,31.3,9411,20695,10.7,52.1
Dallas,2023,51-64 (Pre-Retirement),31568,35.2,31.7,10006,21562,23.6,40.6
Dallas,2012,65+ (Retirement),17268,43.7,100.0,17268,0,43.7,
Dallas,2013,65+ (Retirement),15717,47.0,100.0,15717,0,47.0,
Dallas,2014,65+ (Retirement),16992,43.7,100.0,16992,0,43.7,
Dallas,2015,65+ (Retirement),15551,46.9,100.0,15551,0,46.9,
Dallas,2016,65+ (Retirement),17377,51.4,100.0,17377,0,51.4,
Dallas,2017,65+ (Retirement),20258,36.9,100.0,20258,0,36.9,
Dallas,2018,65+ (Retirement),23288,42.8,100.0,23288,0,42.8,
Dallas,2019,65+ (Retirement),16268,38.1,100.0,16268,0,38.1,
Dallas,2021,65+ (Retirement),14686,44.5,22.9,3361,11325,30.1,48.8
Dallas,2022,65+ (Retirement),19164,50.5,18.9,3629,15535,45.4,51.7
Dallas,2023,65+ (Retirement),18393,39.0,22.9,4204,14189,41.8,38.1
El Paso,2012,18-24 (College / Entry),24278,51.4,100.0,24278,0,51.4,
El Paso,2013,18-24 (College / Entry),21107,40.4,100.0,21107,0,40.4,
El Paso,2014,18-24 (College / Entry),21426,40.4,100.0,21426,0,40.4,
El Paso,2015,18-24 (College / Entry),25000,50.9,100.0,25000,0,50.9,
El Paso,2016,18-24 (College / Entry),16796,62.8,100.0,16796,0,62.8,
El Paso,2017,18-24 (College / Entry),20454,59.4,100.0,20454,0,59.4,
El Paso,2018,18-24 (College / Entry),18843,51.3,100.0,18843,0,51.3,
El Paso,2019,18-24 (College / Entry),21196,51.4,100.0,21196,0,51.4,
El Paso,2021,18-24 (College / Entry),19685,41.4,69.4,13666,6019,56.6,6.9
El Paso,2022,18-24 (College / Entry),16767,52.8,69.5,11657,5110,66.1,22.4
El Paso,2023,18-24 (College / Entry),20056,54.6,72.9,14618,5438,68.2,17.9
El Paso,2012,25-30 (Young Adults),18571,32.5,100.0,18571,0,32.5,
El Paso,2013,25-30 (Young Adults),18263,47.3,100.0,18263,0,47.3,
El Paso,2014,25-30 (Young Adults),17274,37.1,100.0,17274,0,37.1,
El Paso,2015,25-30 (Young Adults),19872,40.5,100.0,19872,0,40.5,
El Paso,2016,25-30 (Young Adults),25480,51.5,100.0,25480,0,51.5,
El Paso,2017,25-30 (Young Adults),20189,38.7,100.0,20189,0,38.7,
El Paso,2018,25-30 (Young Adults),20127,51.6,100.0,20127,0,51.6,
El Paso,2019,25-30 (Young Adults),18434,56.0,100.0,18434,0,56.0,
El Paso,2021,25-30 (Young Adults),13792,44.3,60.3,8317,5475,57.2,24.7
El Paso,2022,25-30 (Young Adults),17972,54.0,66.6,11966,6006,71.2,19.8
El Paso,2023,25-30 (Young Adults),16310,59.9,77.1,12574,3736,72.5,17.7
El Paso,2012,31-40 (Established Career),18310,30.6,100.0,18310,0,30.6,
El Paso,2013,31-40 (Established Career),16885,30.5,100.0,16885,0,30.5,
El Paso,2014,31-40 (Established Career),13945,39.5,100.0,13945,0,39.5,
El Paso,2015,31-40 (Established Career),18100,40.3,100.0,18100,0,40.3,
El Paso,2016,31-40 (Established Career),21682,44.4,100.0,21682,0,44.4,
El Paso,2017,31-40 (Established Career),20792,41.7,100.0,20792,0,41.7,
El Paso,2018,31-40 (Established Career),19051,45.3,100.0,19051,0,45.3,
El Paso,2019,31-40 (Established Career),19804,49.9,100.0,19804,0,49.9,
El Paso,2021,31-40 (Established Career),17952,40.1,65.8,11812,6140,50.7,19.6
El Paso,2022,31-40 (Established Career),15546,47.8,70.7,10995,4551,54.9,30.5
El Paso,2023,31-40 (Established Career),20105,56.2,69.7,14005,6100,58.9,49.9
El Paso,2012,41-50 (Family / Peak Career),11161,32.7,100.0,11161,0,32.7,
El Paso,2013,41-50 (Family / Peak Career),9151,35.8,100.0,9151,0,35.8,
El Paso,2014,41-50 (Family / Peak Career),10545,25.3,100.0,10545,0,25.3,
El Paso,2015,41-50 (Family / Peak Career),10619,26.3,100.0,10619,0,26.3,
El Paso,2016,41-50 (Family / Peak Career),10518,33.9,100.0,10518,0,33.9,
El Paso,2017,41-50 (Family / Peak Career),12762,30.7,100.0,12762,0,30.7,
El Paso,2018,41-50 (Family / Peak Career),14859,23.9,100.0,14859,0,23.9,
El Paso,2019,41-50 (Family / Peak Career),10924,44.2,100.0,10924,0,44.2,
El Paso,2021,41-50 (Family / Peak Career),8809,45.7,64.5,5682,3127,60.3,19.3
El Paso,2022,41-50 (Family / Peak Career),10398,40.7,72.0,7484,2914,53.7,7.4
El Paso,2023,41-50 (Family / Peak Career),9533,33.7,66.1,6305,3228,41.6,18.2
El Paso,2012,51-64 (Pre-Retirement),6892,37.9,100.0,6892,0,37.9,
El Paso,2013,51-64 (Pre-Retirement),7895,32.7,100.0,7895,0,32.7,
El Paso,2014,51-64 (Pre-Retirement),8851,21.4,100.0,8851,0,21.4,
El Paso,2015,51-64 (Pre-Retirement),11399,25.4,100.0,11399,0,25.4,
El Paso,2016,51-64 (Pre-Retirement),9457,34.6,100.0,9457,0,34.6,
El Paso,2017,51-64 (Pre-Retirement),10728,42.3,100.0,10728,0,42.3,
El Paso,2018,51-64 (Pre-Retirement),10253,24.5,100.0,10253,0,24.5,
El Paso,2019,51-64 (Pre-Retirement),9208,23.8,100.0,9208,0,23.8,
El Paso,2021,51-64 (Pre-Retirement),9716,42.8,77.9,7567,2149,48.9,21.4
El Paso,2022,51-64 (Pre-Retirement),6393,34.5,73.3,4684,1709,32.8,39.1
El Paso,2023,51-64 (Pre-Retirement),7873,40.5,56.5,4445,3428,41.9,38.6
El Paso,2012,65+ (Retirement),4790,9.1,100.0,4790,0,9.1,
El Paso,2013,65+ (Retirement),3085,21.2,100.0,3085,0,21.2,
El Paso,2014,65+ (Retirement),4706,21.5,100.0,4706,0,21.5,
El Paso,2015,65+ (Retirement),5294,27.4,100.0,5294,0,27.4,
El Paso,2016,65+ (Retirement),5521,21.8,100.0,5521,0,21.8,
El Paso,2017,65+ (Retirement),6123,21.6,100.0,6123,0,21.6,
El Paso,2018,65+ (Retirement),5989,26.2,100.0,5989,0,26.2,
El Paso,2019,65+ (Retirement),5918,20.1,100.0,5918,0,20.1,
El Paso,2021,65+ (Retirement),7347,29.5,65.4,4806,2541,35.4,18.4
El Paso,2022,65+ (Retirement),4857,21.5,78.7,3822,1035,22.4,18.5
El Paso,2023,65+ (Retirement),5287,29.2,66.6,3523,1764,32.1,23.4
Harris (Houston),2012,18-24 (College / Entry),116725,55.3,100.0,116725,0,55.3,
Harris (Houston),2013,18-24 (College / Entry),113530,51.2,100.0,113530,0,51.2,
Harris (Houston),2014,18-24 (College / Entry),119858,50.7,100.0,119858,0,50.7,
Harris (Houston),2015,18-24 (College / Entry),114408,53.0,100.0,114408,0,53.0,
Harris (Houston),2016,18-24 (College / Entry),110371,55.0,100.0,110371,0,55.0,
Harris (Houston),2017,18-24 (College / Entry),105292,57.4,100.0,105292,0,57.4,
Harris (Houston),2018,18-24 (College / Entry),105490,58.3,100.0,105490,0,58.3,
Harris (Houston),2019,18-24 (College / Entry),94001,58.7,100.0,94001,0,58.7,
Harris (Houston),2021,18-24 (College / Entry),110040,56.8,42.8,47124,62916,52.4,60.0
Harris (Houston),2022,18-24 (College / Entry),109397,55.0,39.8,43583,65814,54.3,55.4
Harris (Houston),2023,18-24 (College / Entry),113637,53.2,41.2,46802,66835,48.8,56.3
Harris (Houston),2012,25-30 (Young Adults),129774,46.2,100.0,129774,0,46.2,
Harris (Houston),2013,25-30 (Young Adults),133951,43.2,100.0,133951,0,43.2,
Harris (Houston),2014,25-30 (Young Adults),131586,43.7,100.0,131586,0,43.7,
Harris (Houston),2015,25-30 (Young Adults),135998,43.3,100.0,135998,0,43.3,
Harris (Houston),2016,25-30 (Young Adults),130461,43.4,100.0,130461,0,43.4,
Harris (Houston),2017,25-30 (Young Adults),128774,47.2,100.0,128774,0,47.2,
Harris (Houston),2018,25-30 (Young Adults),118895,44.6,100.0,118895,0,44.6,
Harris (Houston),2019,25-30 (Young Adults),123509,51.2,100.0,123509,0,51.2,
Harris (Houston),2021,25-30 (Young Adults),124085,42.4,36.3,45016,79069,34.2,47.1
Harris (Houston),2022,25-30 (Young Adults),118819,41.1,37.7,44738,74081,37.6,43.3
Harris (Houston),2023,25-30 (Young Adults),123430,44.8,37.3,46055,77375,42.4,46.2
Harris (Houston),2012,31-40 (Established Career),136654,40.7,100.0,136654,0,40.7,
Harris (Houston),2013,31-40 (Established Career),129194,38.5,100.0,129194,0,38.5,
Harris (Houston),2014,31-40 (Established Career),134330,36.4,100.0,134330,0,36.4,
Harris (Houston),2015,31-40 (Established Career),130191,36.3,100.0,130191,0,36.3,
Harris (Houston),2016,31-40 (Established Career),133017,34.7,100.0,133017,0,34.7,
Harris (Houston),2017,31-40 (Established Career),137775,37.7,100.0,137775,0,37.7,
Harris (Houston),2018,31-40 (Established Career),129386,43.5,100.0,129386,0,43.5,
Harris (Houston),2019,31-40 (Established Career),136706,38.3,100.0,136706,0,38.3,
Harris (Houston),2021,31-40 (Established Career),135820,36.5,39.3,53347,82473,29.0,41.3
Harris (Houston),2022,31-40 (Established Career),125643,35.9,40.8,51213,74430,27.0,42.1
Harris (Houston),2023,31-40 (Established Career),133190,33.9,37.0,49297,83893,25.4,38.8
Harris (Houston),2012,41-50 (Family / Peak Career),76073,34.5,100.0,76073,0,34.5,
Harris (Houston),2013,41-50 (Family / Peak Career),81234,30.4,100.0,81234,0,30.4,
Harris (Houston),2014,41-50 (Family / Peak Career),78390,29.2,100.0,78390,0,29.2,
Harris (Houston),2015,41-50 (Family / Peak Career),76255,32.0,100.0,76255,0,32.0,
Harris (Houston),2016,41-50 (Family / Peak Career),80894,32.8,100.0,80894,0,32.8,
Harris (Houston),2017,41-50 (Family / Peak Career),83292,34.2,100.0,83292,0,34.2,
Harris (Houston),2018,41-50 (Family / Peak Career),72610,31.1,100.0,72610,0,31.1,
Harris (Houston),2019,41-50 (Family / Peak Career),67258,37.9,100.0,67258,0,37.9,
Harris (Houston),2021,41-50 (Family / Peak Career),61357,28.9,37.3,22894,38463,26.1,30.6
Harris (Houston),2022,41-50 (Family / Peak Career),72812,30.5,37.5,27309,45503,25.0,33.8
Harris (Houston),2023,41-50 (Family / Peak Career),76718,29.1,47.6,36544,40174,22.6,35.0
Harris (Houston),2012,51-64 (Pre-Retirement),63304,36.8,100.0,63304,0,36.8,
Harris (Houston),2013,51-64 (Pre-Retirement),62599,34.4,100.0,62599,0,34.4,
Harris (Houston),2014,51-64 (Pre-Retirement),68580,42.9,100.0,68580,0,42.9,
Harris (Houston),2015,51-64 (Pre-Retirement),67409,29.5,100.0,67409,0,29.5,
Harris (Houston),2016,51-64 (Pre-Retirement),65276,39.0,100.0,65276,0,39.0,
Harris (Houston),2017,51-64 (Pre-Retirement),73012,37.1,100.0,73012,0,37.1,
Harris (Houston),2018,51-64 (Pre-Retirement),62026,31.8,100.0,62026,0,31.8,
Harris (Houston),2019,51-64 (Pre-Retirement),62843,34.6,100.0,62843,0,34.6,
Harris (Houston),2021,51-64 (Pre-Retirement),61304,31.6,32.2,19754,41550,20.5,37.0
Harris (Houston),2022,51-64 (Pre-Retirement),58087,29.3,34.0,19758,38329,17.0,35.6
Harris (Houston),2023,51-64 (Pre-Retirement),60063,36.9,32.3,19424,40639,23.4,43.3
Harris (Houston),2012,65+ (Retirement),27654,40.7,100.0,27654,0,40.7,
Harris (Houston),2013,65+ (Retirement),27238,30.9,100.0,27238,0,30.9,
Harris (Houston),2014,65+ (Retirement),27027,36.9,100.0,27027,0,36.9,
Harris (Houston),2015,65+ (Retirement),28684,37.3,100.0,28684,0,37.3,
Harris (Houston),2016,65+ (Retirement),32143,33.0,100.0,32143,0,33.0,
Harris (Houston),2017,65+ (Retirement),30839,27.6,100.0,30839,0,27.6,
Harris (Houston),2018,65+ (Retirement),35085,36.6,100.0,35085,0,36.6,
Harris (Houston),2019,65+ (Retirement),29294,37.7,100.0,29294,0,37.7,
Harris (Houston),2021,65+ (Retirement),27932,35.1,22.1,6161,21771,30.6,36.4
Harris (Houston),2022,65+ (Retirement),38406,31.2,23.2,8921,29485,36.4,29.6
Harris (Houston),2023,65+ (Retirement),36797,37.2,21.8,8037,28760,30.5,39.1
Tarrant (Fort Worth),2012,18-24 (College / Entry),56760,55.5,100.0,56760,0,55.5,
Tarrant (Fort Worth),2013,18-24 (College / Entry),59864,58.8,100.0,59864,0,58.8,
Tarrant (Fort Worth),2014,18-24 (College / Entry),64962,55.7,100.0,64962,0,55.7,
Tarrant (Fort Worth),2015,18-24 (College / Entry),49639,63.8,100.0,49639,0,63.8,
Tarrant (Fort Worth),2016,18-24 (College / Entry),53738,55.8,100.0,53738,0,55.8,
Tarrant (Fort Worth),2017,18-24 (College / Entry),49160,56.0,100.0,49160,0,56.0,
Tarrant (Fort Worth),2018,18-24 (College / Entry),48915,55.8,100.0,48915,0,55.8,
Tarrant (Fort Worth),2019,18-24 (College / Entry),45439,51.1,100.0,45439,0,51.1,
Tarrant (Fort Worth),2021,18-24 (College / Entry),42921,52.7,26.0,11178,31743,52.2,52.9
Tarrant (Fort Worth),2022,18-24 (College / Entry),47348,49.5,21.6,10216,37132,47.1,50.1
Tarrant (Fort Worth),2023,18-24 (College / Entry),50825,50.5,30.5,15518,35307,55.0,48.5
Tarrant (Fort Worth),2012,25-30 (Young Adults),54291,50.8,100.0,54291,0,50.8,
Tarrant (Fort Worth),2013,25-30 (Young Adults),50927,56.8,100.0,50927,0,56.8,
Tarrant (Fort Worth),2014,25-30 (Young Adults),52159,50.1,100.0,52159,0,50.1,
Tarrant (Fort Worth),2015,25-30 (Young Adults),55996,48.4,100.0,55996,0,48.4,
Tarrant (Fort Worth),2016,25-30 (Young Adults),56821,47.7,100.0,56821,0,47.7,
Tarrant (Fort Worth),2017,25-30 (Young Adults),53423,47.8,100.0,53423,0,47.8,
Tarrant (Fort Worth),2018,25-30 (Young Adults),52499,51.5,100.0,52499,0,51.5,
Tarrant (Fort Worth),2019,25-30 (Young Adults),48321,49.1,100.0,48321,0,49.1,
Tarrant (Fort Worth),2021,25-30 (Young Adults),44372,53.2,26.6,11817,32555,50.1,54.3
Tarrant (Fort Worth),2022,25-30 (Young Adults),49832,43.7,28.7,14296,35536,37.3,46.3
Tarrant (Fort Worth),2023,25-30 (Young Adults),49139,45.6,33.1,16276,32863,43.2,46.7
Tarrant (Fort Worth),2012,31-40 (Established Career),50221,39.9,100.0,50221,0,39.9,
Tarrant (Fort Worth),2013,31-40 (Established Career),56123,43.3,100.0,56123,0,43.3,
Tarrant (Fort Worth),2014,31-40 (Established Career),58124,40.5,100.0,58124,0,40.5,
Tarrant (Fort Worth),2015,31-40 (Established Career),55676,42.9,100.0,55676,0,42.9,
Tarrant (Fort Worth),2016,31-40 (Established Career),48372,43.0,100.0,48372,0,43.0,
Tarrant (Fort Worth),2017,31-40 (Established Career),60278,43.4,100.0,60278,0,43.4,
Tarrant (Fort Worth),2018,31-40 (Established Career),55427,40.1,100.0,55427,0,40.1,
Tarrant (Fort Worth),2019,31-40 (Established Career),53310,42.8,100.0,53310,0,42.8,
Tarrant (Fort Worth),2021,31-40 (Established Career),38155,46.3,23.8,9098,29057,38.1,48.8
Tarrant (Fort Worth),2022,31-40 (Established Career),45306,43.2,23.1,10447,34859,29.6,47.3
Tarrant (Fort Worth),2023,31-40 (Established Career),52047,41.8,22.3,11605,40442,35.1,43.7
Tarrant (Fort Worth),2012,41-50 (Family / Peak Career),34450,40.3,100.0,34450,0,40.3,
Tarrant (Fort Worth),2013,41-50 (Family / Peak Career),41625,42.0,100.0,41625,0,42.0,
Tarrant (Fort Worth),2014,41-50 (Family / Peak Career),32212,40.4,100.0,32212,0,40.4,
Tarrant (Fort Worth),2015,41-50 (Family / Peak Career),35057,38.3,100.0,35057,0,38.3,
Tarrant (Fort Worth),2016,41-50 (Family / Peak Career),36836,38.5,100.0,36836,0,38.5,
Tarrant (Fort Worth),2017,41-50 (Family / Peak Career),42641,38.9,100.0,42641,0,38.9,
Tarrant (Fort Worth),2018,41-50 (Family / Peak Career),32686,37.2,100.0,32686,0,37.2,
Tarrant (Fort Worth),2019,41-50 (Family / Peak Career),26771,43.5,100.0,26771,0,43.5,
Tarrant (Fort Worth),2021,41-50 (Family / Peak Career),26821,28.5,22.1,5933,20888,15.8,32.1
Tarrant (Fort Worth),2022,41-50 (Family / Peak Career),25763,34.5,26.5,6824,18939,27.6,36.9
Tarrant (Fort Worth),2023,41-50 (Family / Peak Career),30875,34.9,28.0,8638,22237,28.8,37.3
Tarrant (Fort Worth),2012,51-64 (Pre-Retirement),28545,43.1,100.0,28545,0,43.1,
Tarrant (Fort Worth),2013,51-64 (Pre-Retirement),29637,43.7,100.0,29637,0,43.7,
Tarrant (Fort Worth),2014,51-64 (Pre-Retirement),29084,37.7,100.0,29084,0,37.7,
Tarrant (Fort Worth),2015,51-64 (Pre-Retirement),29205,36.3,100.0,29205,0,36.3,
Tarrant (Fort Worth),2016,51-64 (Pre-Retirement),32506,39.3,100.0,32506,0,39.3,
Tarrant (Fort Worth),2017,51-64 (Pre-Retirement),32282,38.7,100.0,32282,0,38.7,
Tarrant (Fort Worth),2018,51-64 (Pre-Retirement),32413,36.1,100.0,32413,0,36.1,
Tarrant (Fort Worth),2019,51-64 (Pre-Retirement),33268,36.6,100.0,33268,0,36.6,
Tarrant (Fort Worth),2021,51-64 (Pre-Retirement),26507,35.5,24.4,6472,20035,31.1,37.0
Tarrant (Fort Worth),2022,51-64 (Pre-Retirement),28504,34.7,15.9,4536,23968,33.9,34.8
Tarrant (Fort Worth),2023,51-64 (Pre-Retirement),26012,27.6,29.0,7541,18471,14.4,33.0
Tarrant (Fort Worth),2012,65+ (Retirement),12789,36.2,100.0,12789,0,36.2,
Tarrant (Fort Worth),2013,65+ (Retirement),15740,48.3,100.0,15740,0,48.3,
Tarrant (Fort Worth),2014,65+ (Retirement),15218,41.1,100.0,15218,0,41.1,
Tarrant (Fort Worth),2015,65+ (Retirement),16230,38.3,100.0,16230,0,38.3,
Tarrant (Fort Worth),2016,65+ (Retirement),18928,52.4,100.0,18928,0,52.4,
Tarrant (Fort Worth),2017,65+ (Retirement),18589,37.5,100.0,18589,0,37.5,
Tarrant (Fort Worth),2018,65+ (Retirement),21481,44.2,100.0,21481,0,44.2,
Tarrant (Fort Worth),2019,65+ (Retirement),16076,38.4,100.0,16076,0,38.4,
Tarrant (Fort Worth),2021,65+ (Retirement),12112,36.4,20.0,2424,9688,19.8,40.5
Tarrant (Fort Worth),2022,65+ (Retirement),16367,44.6,13.0,2123,14244,35.7,46.0
Tarrant (Fort Worth),2023,65+ (Retirement),15408,50.8,16.7,2567,12841,54.0,50.1
Travis (Austin),2012,18-24 (College / Entry),64286,56.4,100.0,64286,0,56.4,
Travis (Austin),2013,18-24 (College / Entry),54956,58.3,100.0,54956,0,58.3,
Travis (Austin),2014,18-24 (College / Entry),45741,61.5,100.0,45741,0,61.5,
Travis (Austin),2015,18-24 (College / Entry),40496,62.3,100.0,40496,0,62.3,
Travis (Austin),2016,18-24 (College / Entry),46114,57.9,100.0,46114,0,57.9,
Travis (Austin),2017,18-24 (College / Entry),44636,57.1,100.0,44636,0,57.1,
Travis (Austin),2018,18-24 (College / Entry),45622,59.7,100.0,45622,0,59.7,
Travis (Austin),2019,18-24 (College / Entry),45296,55.8,100.0,45296,0,55.8,
Travis (Austin),2021,18-24 (College / Entry),52566,48.1,35.5,18652,33914,47.7,48.3
Travis (Austin),2022,18-24 (College / Entry),52256,55.3,34.0,17789,34467,72.5,46.4
Travis (Austin),2023,18-24 (College / Entry),51209,47.6,31.3,16016,35193,48.2,47.4
Travis (Austin),2012,25-30 (Young Adults),53818,50.1,100.0,53818,0,50.1,
Travis (Austin),2013,25-30 (Young Adults),55092,48.3,100.0,55092,0,48.3,
Travis (Austin),2014,25-30 (Young Adults),53695,38.8,100.0,53695,0,38.8,
Travis (Austin),2015,25-30 (Young Adults),51517,34.0,100.0,51517,0,34.0,
Travis (Austin),2016,25-30 (Young Adults),49096,39.2,100.0,49096,0,39.2,
Travis (Austin),2017,25-30 (Young Adults),61164,39.6,100.0,61164,0,39.6,
Travis (Austin),2018,25-30 (Young Adults),47246,43.1,100.0,47246,0,43.1,
Travis (Austin),2019,25-30 (Young Adults),64589,39.5,100.0,64589,0,39.5,
Travis (Austin),2021,25-30 (Young Adults),57439,33.8,22.8,13119,44320,36.1,33.1
Travis (Austin),2022,25-30 (Young Adults),55486,35.7,27.4,15206,40280,50.4,30.1
Travis (Austin),2023,25-30 (Young Adults),53032,39.2,25.6,13576,39456,50.9,35.2
Travis (Austin),2012,31-40 (Established Career),44169,35.0,100.0,44169,0,35.0,
Travis (Austin),2013,31-40 (Established Career),41499,44.2,100.0,41499,0,44.2,
Travis (Austin),2014,31-40 (Established Career),50195,37.8,100.0,50195,0,37.8,
Travis (Austin),2015,31-40 (Established Career),42164,31.9,100.0,42164,0,31.9,
Travis (Austin),2016,31-40 (Established Career),37279,35.1,100.0,37279,0,35.1,
Travis (Austin),2017,31-40 (Established Career),45552,38.3,100.0,45552,0,38.3,
Travis (Austin),2018,31-40 (Established Career),47846,30.5,100.0,47846,0,30.5,
Travis (Austin),2019,31-40 (Established Career),52770,30.8,100.0,52770,0,30.8,
Travis (Austin),2021,31-40 (Established Career),58857,27.6,32.1,18908,39949,32.1,25.4
Travis (Austin),2022,31-40 (Established Career),53172,31.3,31.0,16503,36669,40.7,27.1
Travis (Austin),2023,31-40 (Established Career),58548,33.0,31.4,18386,40162,42.2,28.7
Travis (Austin),2012,41-50 (Family / Peak Career),23666,39.4,100.0,23666,0,39.4,
Travis (Austin),2013,41-50 (Family / Peak Career),23106,41.3,100.0,23106,0,41.3,
Travis (Austin),2014,41-50 (Family / Peak Career),19652,38.3,100.0,19652,0,38.3,
Travis (Austin),2015,41-50 (Family / Peak Career),23566,36.6,100.0,23566,0,36.6,
Travis (Austin),2016,41-50 (Family / Peak Career),19048,40.9,100.0,19048,0,40.9,
Travis (Austin),2017,41-50 (Family / Peak Career),25595,38.2,100.0,25595,0,38.2,
Travis (Austin),2018,41-50 (Family / Peak Career),25348,30.2,100.0,25348,0,30.2,
Travis (Austin),2019,41-50 (Family / Peak Career),20836,37.8,100.0,20836,0,37.8,
Travis (Austin),2021,41-50 (Family / Peak Career),22603,33.0,28.0,6333,16270,47.9,27.2
Travis (Austin),2022,41-50 (Family / Peak Career),21098,35.5,32.6,6888,14210,50.0,28.4
Travis (Austin),2023,41-50 (Family / Peak Career),19541,32.1,32.6,6380,13161,37.6,29.5
Travis (Austin),2012,51-64 (Pre-Retirement),19184,53.5,100.0,19184,0,53.5,
Travis (Austin),2013,51-64 (Pre-Retirement),20075,30.9,100.0,20075,0,30.9,
Travis (Austin),2014,51-64 (Pre-Retirement),17018,42.4,100.0,17018,0,42.4,
Travis (Austin),2015,51-64 (Pre-Retirement),18323,34.6,100.0,18323,0,34.6,
Travis (Austin),2016,51-64 (Pre-Retirement),14980,44.3,100.0,14980,0,44.3,
Travis (Austin),2017,51-64 (Pre-Retirement),20559,27.9,100.0,20559,0,27.9,
Travis (Austin),2018,51-64 (Pre-Retirement),16914,36.5,100.0,16914,0,36.5,
Travis (Austin),2019,51-64 (Pre-Retirement),19601,32.1,100.0,19601,0,32.1,
Travis (Austin),2021,51-64 (Pre-Retirement),16506,25.1,19.3,3184,13322,9.1,28.9
Travis (Austin),2022,51-64 (Pre-Retirement),14290,36.0,15.0,2144,12146,48.0,33.9
Travis (Austin),2023,51-64 (Pre-Retirement),15801,37.8,31.7,5013,10788,49.2,32.5
Travis (Austin),2012,65+ (Retirement),6010,32.9,100.0,6010,0,32.9,
Travis (Austin),2013,65+ (Retirement),7566,34.1,100.0,7566,0,34.1,
Travis (Austin),2014,65+ (Retirement),6186,56.2,100.0,6186,0,56.2,
Travis (Austin),2015,65+ (Retirement),7390,27.1,100.0,7390,0,27.1,
Travis (Austin),2016,65+ (Retirement),7554,32.9,100.0,7554,0,32.9,
Travis (Austin),2017,65+ (Retirement),6867,38.1,100.0,6867,0,38.1,
Travis (Austin),2018,65+ (Retirement),10297,37.3,100.0,10297,0,37.3,
Travis (Austin),2019,65+ (Retirement),7161,46.5,100.0,7161,0,46.5,
Travis (Austin),2021,65+ (Retirement),10310,40.8,11.1,1145,9165,82.8,35.6
Travis (Austin),2022,65+ (Retirement),9665,30.8,20.8,2010,7655,54.1,24.7
Travis (Austin),2023,65+ (Retirement),7665,40.8,24.0,1840,5825,72.9,30.7
